Quantile,Value
0.1,-2.6745747288114163
0.25,-1.3663902054004529
0.5,0.021912517096733808
0.75,1.6656384972090543
0.9,3.2413604571078865
