Quantile,Value
0.1,-1.0509113268795867
0.25,-0.43935704185364965
0.5,0.0
0.75,0.4417777422389024
0.9,1.135654044305081
