Quantile,Value
0.1,-0.586512077387562
0.25,-0.22237011943165852
0.5,0.1643875530491945
0.75,0.5356133303573651
0.9,1.0136347307573021
