Quantile,Value
0.1,-0.3712645652096147
0.25,-0.14629302819741952
0.5,0.052855928311212885
0.75,0.3351125358975082
0.9,0.6180360727802059
