Quantile,Value
0.1,-0.17373314679959728
0.25,-0.023605699772466515
0.5,0.13623950242744876
0.75,0.3183693813317845
0.9,0.6386173928108541
