Quantile,Value
0.1,-2.5404855733985876
0.25,-1.270585741725072
0.5,0.06075502076567929
0.75,1.5057508777154616
0.9,3.1930108035439795
