Quantile,Value
0.1,-0.1267775255178782
0.25,0.0
0.5,0.0
0.75,0.0
0.9,0.16761782941201003
