Quantile,Value
0.1,-0.5783204655519403
0.25,-0.16605286341203618
0.5,0.10956119486091875
0.75,0.415706281624062
0.9,0.7107977702861088
