Quantile,Value
0.1,-1.3133365346977355
0.25,-0.25765360683966954
0.5,0.0
0.75,0.3444615484472946
0.9,1.4592735620295636
