Quantile,Value
0.1,-2.6323807456980304
0.25,-1.2077065670954568
0.5,0.07926558798738714
0.75,1.3828868662821847
0.9,2.787295542060066
