Quantile,Value
0.1,-2.5567484548849513
0.25,-1.215767335707707
0.5,-0.008172672115980273
0.75,1.3302815189032202
0.9,2.70457301248749
