Quantile,Value
0.1,-0.3990016800496754
0.25,-0.19501971477294822
0.5,0.04610844822754423
0.75,0.2743861864114461
0.9,0.4998044325074246
