Quantile,Value
0.1,-0.39149619228776356
0.25,-0.18102571944365042
0.5,0.08389726542923359
0.75,0.33166137549083263
0.9,0.6291475971305438
