Quantile,Value
0.1,-0.5774322939574428
0.25,-0.2567188197727388
0.5,0.060997957170827455
0.75,0.43257224296082697
0.9,0.6858641271669751
