Quantile,Value
0.1,-0.7168062374476669
0.25,-0.35466305419362687
0.5,0.06761288644450136
0.75,0.501099022869389
0.9,0.9115684577401147
