Quantile,Value
0.1,-1.1936985554111623
0.25,-0.3223175182283322
0.5,0.02861544626255874
0.75,0.4367392702815831
0.9,1.4137518820612085
