Quantile,Value
0.1,-0.4540730819816829
0.25,-0.2026946656895956
0.5,0.06932996199964236
0.75,0.3490443068796978
0.9,0.5589381751413658
