Quantile,Value
0.1,-0.5855135297828595
0.25,-0.24977288634207007
0.5,0.12247756089796002
0.75,0.4017671245152954
0.9,0.714134241358102
