Quantile,Value
0.1,-1.0785134471341995
0.25,-0.31081227978652093
0.5,0.0033303573327758684
0.75,0.4289710231084154
0.9,1.326506562340621
