Quantile,Value
0.1,-0.5376104925937941
0.25,-0.18009810643032642
0.5,0.14919769217087708
0.75,0.4629195534698205
0.9,0.776949897137782
