Quantile,Value
0.1,-2.344287217354297
0.25,-1.1491656033875697
0.5,0.09506714589413434
0.75,1.344733213028293
0.9,2.6585584417807424
