Quantile,Value
0.1,-0.42509763985179916
0.25,-0.10014435350028661
0.5,0.09815687152139319
0.75,0.28156855860483887
0.9,0.5330286861718523
