Quantile,Value
0.1,-1.0188215183536318
0.25,-0.06831869396455303
0.5,0.0
0.75,0.18127322925245437
0.9,1.2984879084051524
