Quantile,Value
0.1,-2.3828279630581157
0.25,-1.204528125699772
0.5,0.08218421729770942
0.75,1.265242431898117
0.9,2.7073174122916743
