Quantile,Value
0.1,-0.6797869294121917
0.25,-0.3056425048450162
0.5,0.05144503937235534
0.75,0.4080825878867822
0.9,0.8439902625812622
