Quantile,Value
0.1,-1.6510365053700338
0.25,-0.5877942066691899
0.5,-0.002712404671312285
0.75,0.5725707779988376
0.9,1.772658970832528
