Quantile,Value
0.1,-2.7808613907445334
0.25,-1.423449120979331
0.5,0.18729139127557914
0.75,1.4315987501451022
0.9,2.8559623916730015
