Quantile,Value
0.1,-0.5135261107526534
0.25,-0.14630339051039387
0.5,0.03243109774349051
0.75,0.3149982046220634
0.9,0.5695003650611506
