Quantile,Value
0.1,-2.83429468071003
0.25,-1.2644269915608852
0.5,0.17686912132381938
0.75,1.336496221945005
0.9,2.774600641449383
