Quantile,Value
0.1,-1.6894636422850826
0.25,-0.3534110587818384
0.5,0.0
0.75,0.4013425319335573
0.9,1.8833067048399237
