Quantile,Value
0.1,-0.819462147271961
0.25,-0.40541538167327973
0.5,0.031219899961754116
0.75,0.500898135912875
0.9,1.08256459297972
