Quantile,Value
0.1,-0.3052160565987516
0.25,-0.1543772428659218
0.5,-0.010497771313677795
0.75,0.27387208271101304
0.9,0.6089626613631527
