Quantile,Value
0.1,-0.2451454506770423
0.25,-0.058390941274710784
0.5,0.0033631413500323504
0.75,0.1666576674532072
0.9,0.31174257719146503
