Quantile,Value
0.1,-0.9786498405723786
0.25,-0.3245024495428406
0.5,0.003935779357622238
0.75,0.36158455399977196
0.9,1.0582801094723093
