Quantile,Value
0.1,-0.4102004759317656
0.25,-0.12425836908447341
0.5,0.0393476183509156
0.75,0.1760122417257648
0.9,0.4851888429553908
