Quantile,Value
0.1,-1.8326937243039907
0.25,-0.9012324740437838
0.5,0.1113834384641521
0.75,1.0370122070398557
0.9,2.0833306478044156
