Quantile,Value
0.1,-0.8284724945091448
0.25,-0.003115542742870847
0.5,0.0
0.75,0.005950682147193298
0.9,1.0629704264624704
