Quantile,Value
0.1,-0.6499265489089278
0.25,-0.26494341926551757
0.5,0.09332440545710696
0.75,0.4442282619057991
0.9,0.8506224137644566
