Quantile,Value
0.1,-1.9825782751555685
0.25,-0.8766318470524948
0.5,0.08990581332637415
0.75,1.0786321172361002
0.9,2.003962308054996
