Quantile,Value
0.1,-0.4925243934955547
0.25,-0.11348613703098254
0.5,0.07898103512644639
0.75,0.3895067750039116
0.9,0.8663383503384602
