Quantile,Value
0.1,-0.21860677166236187
0.25,-0.05265880616607266
0.5,0.07714049997478156
0.75,0.21372657694409547
0.9,0.47415295381041384
