Quantile,Value
0.1,-1.389682017645899
0.25,-0.6268636865641275
0.5,0.13292593617906245
0.75,0.8306943406454548
0.9,1.5877129781710984
