Quantile,Value
0.1,-0.3359084140482804
0.25,-0.1286115367857943
0.5,0.0615988976862436
0.75,0.29646028236647304
0.9,0.5192742404260241
