Quantile,Value
0.1,-1.4474036193330542
0.25,-0.6872550415269629
0.5,0.14007392501589333
0.75,0.9041472201528844
0.9,1.721943260115517
