Quantile,Value
0.1,-0.3958451616786163
0.25,-0.15563282993937833
0.5,0.0882442434849473
0.75,0.3915234860993433
0.9,0.5656938858258576
