Quantile,Value
0.1,-0.4439395355354847
0.25,-0.16067301437383552
0.5,0.08128888478105001
0.75,0.38106182306272274
0.9,0.6374113258666458
