Quantile,Value
0.1,-0.7451991366174093
0.25,-0.03288008056453462
0.5,0.0
0.75,0.03864597637404099
0.9,0.8039903203898333
