Quantile,Value
0.1,-0.8654113354247173
0.25,-0.22000391759651183
0.5,0.0018611499696508105
0.75,0.2600596040843062
0.9,1.051174321223698
