Quantile,Value
0.1,-0.619281541366663
0.25,-0.33717027236297437
0.5,-0.047792398251367274
0.75,0.23852758490787718
0.9,0.6200825989027513
