Quantile,Value
0.1,-2.6881337782716663
0.25,-0.764263131809495
0.5,0.0
0.75,0.80244975363164
0.9,2.875430455409056
