Quantile,Value
0.1,-3.4949795241381505
0.25,-2.0971473111035865
0.5,-0.27383731156570557
0.75,1.6369617990765528
0.9,3.647864584713679
