Quantile,Value
0.1,-0.40558504960728436
0.25,-0.26109250024676234
0.5,-0.03846759338704819
0.75,0.15636587810738956
0.9,0.35120745979486223
