Quantile,Value
0.1,-0.45500525001345604
0.25,-0.25933587129084446
0.5,-0.036373332639560996
0.75,0.15826913758809624
0.9,0.3695603433633732
