Quantile,Value
0.1,-3.493862603561424
0.25,-2.091680704247106
0.5,-0.2694682657677139
0.75,1.659365921832756
0.9,3.8011116742321356
