Quantile,Value
0.1,-2.7249899213547963
0.25,-0.8589808272053467
0.5,-0.0006083421255298482
0.75,1.0671225016473551
0.9,2.9259992703810007
