Quantile,Value
0.1,-0.8210790039784288
0.25,-0.41904537633639105
0.5,-0.043417082588614875
0.75,0.25255328840174673
0.9,0.6753651478873568
