Quantile,Value
0.1,-0.7870288908039025
0.25,-0.36311278172656003
0.5,0.012996675242260558
0.75,0.2961669198858541
0.9,0.6564020769762412
