Quantile,Value
0.1,-0.7542453810459082
0.25,-0.4269380482201268
0.5,0.024339157430297576
0.75,0.3504946949358656
0.9,0.6373903939452941
