Quantile,Value
0.1,-1.829858791462866
0.25,-0.33174447152073405
0.5,0.0
0.75,0.4111097649373008
0.9,1.9252527917415119
