Quantile,Value
0.1,-2.0446005489954167
0.25,-0.6265654704106449
0.5,0.014231259485297798
0.75,0.6590551093705432
0.9,2.2066703015120566
