Quantile,Value
0.1,-2.348909666584489
0.25,-1.1073219821304825
0.5,-0.005787232217369098
0.75,1.0630669355766953
0.9,2.169673345135696
