Quantile,Value
0.1,-0.4065156658534974
0.25,-0.26100292738431285
0.5,-0.08291712626778969
0.75,0.19663056241425725
0.9,0.3366749216598296
