Quantile,Value
0.1,-0.3801718547866173
0.25,-0.1978467596082889
0.5,-0.028390120546095687
0.75,0.14517649891323536
0.9,0.3441498421068933
