Quantile,Value
0.1,-2.3633807557211246
0.25,-1.1769213523005861
0.5,-0.16191889195181774
0.75,1.1147945362788514
0.9,2.4500971659908717
