Quantile,Value
0.1,-0.8203500663428143
0.25,-0.2367552468867662
0.5,0.39688262484085524
0.75,0.9142993807195188
0.9,1.3944988565895409
