Quantile,Value
0.1,-1.0313396361598226
0.25,-0.17500093248108417
0.5,0.2534070114574627
0.75,0.7918998239659691
0.9,1.1828974146102
