Quantile,Value
0.1,-1.3154730961264136
0.25,-0.4732398381816161
0.5,-0.00362114207758113
0.75,0.4919185244163016
0.9,1.4691658529959368
