Quantile,Value
0.1,-5.373280464231129
0.25,-2.4524141955623637
0.5,0.07144790931843392
0.75,2.8904684809587966
0.9,6.050687497180336
