Quantile,Value
0.1,-3.5954951075255925
0.25,-1.6045626420704895
0.5,0.2719941115345348
0.75,2.0802791503447216
0.9,4.0014996776383915
