Quantile,Value
0.1,-0.7354890272637049
0.25,-0.3400423566182753
0.5,0.18308398246764668
0.75,0.638341779443663
0.9,1.092698441279576
