Quantile,Value
0.1,-0.25705686995504573
0.25,-0.02075486445853869
0.5,0.2681746455508005
0.75,0.5329922757908223
0.9,0.8776527550612601
