Quantile,Value
0.1,-0.34759616087088435
0.25,0.0
0.5,0.0
0.75,0.0
0.9,0.7052298331202996
