Quantile,Value
0.1,-1.7645106858220516
0.25,-0.8657682353869878
0.5,0.13877297617506112
0.75,1.0725625874244193
0.9,2.186448661948685
