Quantile,Value
0.1,-0.812025489746071
0.25,-0.16618044748543115
0.5,0.0
0.75,0.2615383050068143
0.9,1.1185912266527742
