Quantile,Value
0.1,-0.7052299359406744
0.25,-0.34519638777232853
0.5,0.06345280739221693
0.75,0.49623500740192394
0.9,0.9691720534372106
