Quantile,Value
0.1,-0.6982792199487231
0.25,-0.2438481748973098
0.5,0.10205575045896254
0.75,0.4972011131692877
0.9,0.9879319909259675
