Quantile,Value
0.1,-2.0727371380861825
0.25,-1.0075431803582668
0.5,0.08031601726399273
0.75,1.3100904291899251
0.9,2.5290560857494655
