Quantile,Value
0.1,-0.22987934237516103
0.25,-0.06247305140556492
0.5,0.08611924035017982
0.75,0.25927217553567417
0.9,0.38997585812765134
