Quantile,Value
0.1,-0.5558736234678795
0.25,-0.18594753419258758
0.5,0.058221633305000076
0.75,0.34167641653795044
0.9,0.6498189337928739
