Quantile,Value
0.1,-0.2596352495933907
0.25,-0.09527139865764811
0.5,0.08886246164134803
0.75,0.22293943812563555
0.9,0.3366480847142794
