Quantile,Value
0.1,-1.8494299907001577
0.25,-0.9125420707133458
0.5,0.02610320713232195
0.75,0.9601381498777095
0.9,1.8765119182524348
