Quantile,Value
0.1,-0.5709045787364619
0.25,-0.1786019461537891
0.5,0.04050204322636475
0.75,0.31085419514660373
0.9,0.5774122976728345
