Quantile,Value
0.1,-0.7855141462753634
0.25,-0.21450609156774547
0.5,-0.01697881115538813
0.75,0.19777071252984335
0.9,0.698766255670011
