Quantile,Value
0.1,-0.7763458200480544
0.25,-0.08570532799161423
0.5,0.0
0.75,0.05287935525308818
0.9,0.6578116729257699
