Quantile,Value
0.1,-0.6752994948948432
0.25,-0.34293347423060005
0.5,0.016706177031600156
0.75,0.3726745342941262
0.9,0.6858013241591675
