Quantile,Value
0.1,-1.757654053903832
0.25,-0.9329977634701836
0.5,0.04567231140499839
0.75,0.9651360631685368
0.9,1.8397052680521673
