Quantile,Value
0.1,-0.4848659236532793
0.25,-0.2085989378184605
0.5,0.054889076918795965
0.75,0.30521577577520276
0.9,0.5129746267334978
