Total Return,VaR (95%),Max Drawdown,Volatility (Annualized)
0.589874930351734,-0.014766912628685479,0.09585500954075922,0.15329044406192238
