Total Return,VaR (95%),Max Drawdown,Volatility (Annualized)
2.1991676663177544,-0.01683012590000238,0.1035544317272102,0.1993823930405861
