Total Return,VaR (95%),Max Drawdown,Volatility (Annualized)
3.108166410969915,-0.018923043707343427,0.11652947019873929,0.22469002932551788
