Total Return,VaR (95%),Max Drawdown,Volatility (Annualized)
1.015419398654361,-0.015320533210547521,0.09659600624204513,0.16769867629423463
