Quantile,Value
0.1,-1.3884093201837389
0.25,-0.763089334775302
0.5,-0.1996039341488176
0.75,0.6297795933845052
0.9,1.8505279841955773
