Quantile,Value
0.1,-4.422273627831563
0.25,-1.165689722903429
0.5,0.0
0.75,1.3957741627829146
0.9,4.2820678919978095
