Quantile,Value
0.1,-3.43983656980815
0.25,-1.027847065527343
0.5,0.011843118825383137
0.75,1.084961579296051
0.9,3.74156700834523
