Quantile,Value
0.1,-4.349361207282754
0.25,-2.0858714773222986
0.5,0.043273999134529895
0.75,2.081701276472081
0.9,4.333296231388489
