Quantile,Value
0.1,-2.067414528380571
0.25,-1.075325620700729
0.5,0.06285824788772043
0.75,1.200898250442295
0.9,2.1081414125441045
