Quantile,Value
0.1,-0.7641583223030656
0.25,-0.5218083901852744
0.5,-0.05939938194223782
0.75,0.44800251403092073
0.9,1.0536237430304007
