Quantile,Value
0.1,-1.5723113302453529
0.25,-0.8916216188362025
0.5,-0.009701359901037598
0.75,0.8196206540005413
0.9,1.7828532582500989
