Quantile,Value
0.1,-4.317408386674475
0.25,-1.923703670681215
0.5,0.10289340659774826
0.75,1.971211402792361
0.9,4.535545888386938
