Quantile,Value
0.1,-0.2751165172006974
0.25,-0.009278153671909983
0.5,0.0
0.75,0.013031286593401248
0.9,0.3240323802870514
