Quantile,Value
0.1,-1.2683685143375567
0.25,-0.5442991567891464
0.5,0.061368029936081925
0.75,0.6996397501099483
0.9,1.3561157787914127
