Quantile,Value
0.1,-1.271205047593842
0.25,-0.5418045122007054
0.5,0.0673705939210123
0.75,0.6684200160219533
0.9,1.336946874495126
