Quantile,Value
0.1,-0.2643133416525578
0.25,-0.0005364873789548419
0.5,0.0
0.75,0.017713057172619173
0.9,0.3788560826575216
