Quantile,Value
0.1,-0.10177510555293477
0.25,-0.01738554694966643
0.5,0.06559145625060214
0.75,0.1399277245269781
0.9,0.19924480430435487
