Quantile,Value
0.1,-0.2185948851753272
0.25,-0.07610299243903107
0.5,0.08254762830921525
0.75,0.21628343192987565
0.9,0.3741274266845051
