Quantile,Value
0.1,-0.18156037879714315
0.25,-0.06670415688577735
0.5,0.03392397327468544
0.75,0.14265711879841714
0.9,0.285188289894811
