Quantile,Value
0.1,-0.30571160325943536
0.25,-0.09936743860448072
0.5,0.103069461018368
0.75,0.27961264207654324
0.9,0.4074649998937918
